colour,email_address,full_name,id,job_title,mugshot_url_template,parent,phone_numbers,statistic_1,statistic_2,summary,web_url
#110000,gisselle51@hotmail.com,Ms. Daisie Hickle,b89bcdf7bf819e5cd7887d9cf6527a29,"Geologist, engineering",http://lorempixel.com/200/200,,1-608-835-6881,617,2,Enim quaerat non ut eum est. Incidunt earum quasi ipsam animi qui ducimus. Sapiente numquam amet vero dolores consequatur similique eveniet.,http://ullrich.com/
#88ee00,mfranecki@lynchbecker.com,Francesco Hettinger Jr.,3f1e80262e2fed042049b2e7519a2aa4,Database administrator,http://lorempixel.com/200/200,b89bcdf7bf819e5cd7887d9cf6527a29,266.588.8665x7170,521,7,Inventore illo pariatur molestiae rem quis sed. Aspernatur maxime aspernatur ut quam ipsa et qui. Aut est animi tempora ut nihil quia.,http://www.abernathy.com/
#aa4400,gutkowski.felice@yahoo.com,Eliza Strosin,d37185337c9369ea154c0aedaf071341,Psychiatrist,http://lorempixel.com/200/200,3f1e80262e2fed042049b2e7519a2aa4,(150)039-9049x1318,673,4,Quisquam rerum quis est iusto cupiditate sit et. Aut in est ducimus quod exercitationem modi voluptatem.,http://www.homenick.info/
#337700,madilynn.stoltenberg@hotmail.com,Josefita Lindgren PhD,7d076354a1d0a52cf34c72fb5342f810,Video editor,http://lorempixel.com/200/200,d37185337c9369ea154c0aedaf071341,648.420.1895x32563,944,1,Illo quas explicabo nobis fugiat qui. Id excepturi expedita ut totam adipisci minus deserunt. Nisi ex natus consequatur. Natus incidunt possimus ut corporis occaecati.,http://www.lind.com/
#aaee00,bahringer.jamila@gmail.com,Windy Parisian PhD,8770f1dd9a4b810ecbb1902ff04d406a,"Production assistant, television",http://lorempixel.com/200/200,7d076354a1d0a52cf34c72fb5342f810,+03(5)3324103271,512,0,Corporis aut quasi itaque delectus sint praesentium. Pariatur non modi consequuntur facilis earum ratione. Necessitatibus velit consequatur saepe animi labore rem et minus.,http://www.dooley.org/
#221100,bailey.kamora@yahoo.com,Buffy Nitzsche PhD,23a0f03a2bbc52486e17b19cfa4c3291,Sports administrator,http://lorempixel.com/200/200,b89bcdf7bf819e5cd7887d9cf6527a29,1-672-514-9350x985,266,1,Voluptas sed pariatur quia non. Neque labore consequatur perferendis id. Vel quis ipsum nihil nobis eligendi.,http://boganjerde.info/
#552200,adeline.pouros@gmail.com,Denis Schowalter,31ce3553c899e2b928793d4d1e770dfe,"Engineer, maintenance",http://lorempixel.com/200/200,23a0f03a2bbc52486e17b19cfa4c3291,(018)027-6531x41613,105,3,Hic accusantium perferendis pariatur dicta quas voluptatibus quod. Nihil qui repudiandae fugit dolorem voluptatem. Voluptatem quis voluptas aut sunt quidem. Ab molestiae quae sed id omnis.,http://www.abbott.info/
#77aa00,rhoda.paucek@runtepacocha.com,Christiana Veum,6685d6349be384eed7bc8f0343a28ed3,Brewing technologist,http://lorempixel.com/200/200,31ce3553c899e2b928793d4d1e770dfe,+58(9)8696918729,642,3,Deserunt at error labore. Sint aut fugit rerum sapiente voluptas. Esse quidem placeat omnis quaerat magni. Expedita ab labore autem cum corporis iusto.,http://www.baumbach.com/
#ff0000,zvon@muellerkozey.org,Bill Beatty,e17e745fe5ad779bf9f329028a209598,Commercial/residential surveyor,http://lorempixel.com/200/200,6685d6349be384eed7bc8f0343a28ed3,1-334-145-9718x163,994,1,Iure in ratione et officia quae. Ipsam porro et sequi sapiente sit soluta soluta. Vero magnam harum quia consequatur. Quaerat sequi ut sit maxime animi autem iusto.,http://www.runolfssonkihn.com/
#225500,randell11@lang.com,Zavier Goyette,42c2b3c8f70c086cce80ceeafd0cf9d4,Curator,http://lorempixel.com/200/200,31ce3553c899e2b928793d4d1e770dfe,336-852-5359x344,711,0,Facere dolorum odit ut dolor. Nostrum laudantium quae nemo. Eius eos distinctio et aspernatur harum. Ut vel corrupti suscipit voluptas numquam eaque.,http://www.okeefejacobson.net/
#dd6600,leticia.schuster@torphyokon.com,Elizebeth Sporer,7bcaba849bd67aaa6811104ff62e9bd4,Production engineer,http://lorempixel.com/200/200,42c2b3c8f70c086cce80ceeafd0cf9d4,07420028099,760,0,Omnis voluptatem quo omnis in quia magni tempora. Autem qui nisi maxime ut voluptatem minus. In esse dolorum vel in voluptas dicta.,http://armstrong.net/
#aadd00,stroman.rozanne@gmail.com,Loni Gerlach,2681c77d31434381207e1ac61ce2c255,Human resources officer,http://lorempixel.com/200/200,23a0f03a2bbc52486e17b19cfa4c3291,342.133.2677x77705,65,8,Tempore odit officiis officiis. Sint at minus veritatis quas quaerat eius libero. Porro est quo molestiae nam.,http://www.klocko.com/
#ccbb00,funk.heriberto@mitchell.com,Paxton Goldner,25c2be132134fa27ecca6da9b392d25b,Clinical molecular geneticist,http://lorempixel.com/200/200,b89bcdf7bf819e5cd7887d9cf6527a29,1-399-423-8177x8731,576,5,Ipsam ut est fuga sed facere. Alias doloremque perspiciatis quasi rerum perferendis architecto occaecati. Recusandae et fugit officia minus et. Aliquam unde assumenda minima cum consequatur a cum.,http://www.morar.com/
#229900,maymie.tillman@yahoo.com,Dr. Lenord Grimes MD,a924181530ef357e388878b2d2da6836,Private music teacher,http://lorempixel.com/200/200,25c2be132134fa27ecca6da9b392d25b,1-450-455-2078,508,0,Repellendus harum rem velit perferendis. Omnis dolores eos saepe. Fuga facere recusandae saepe et rerum aut. Voluptas ut quos ducimus eum quam aut.,http://www.stoltenberg.com/
#887700,thompson.kerry@reilly.com,Alondra Klocko,11788653efd36a995aee7125eb2d779b,Building services engineer,http://lorempixel.com/200/200,a924181530ef357e388878b2d2da6836,(168)646-7297,791,4,Sed dolor omnis quia ad et porro accusantium odit. Amet autem ipsa odio quis exercitationem ea fugiat. Nesciunt corporis sed sed qui atque iure ea. Minima vel et ipsum.,http://bechtelarwintheiser.biz/
#ffcc00,benji.walker@wisoky.com,Mandie Baumbach,f94287225bd69d10d35e7fcd06c68165,Civil Service fast streamer,http://lorempixel.com/200/200,25c2be132134fa27ecca6da9b392d25b,1-603-350-3026,901,5,Veritatis saepe officiis enim qui. Cum dolorum voluptatem et quo ex vel.,http://kling.com/
#110000,adonis11@gmail.com,Kathryne Parisian,ebe05e68361c3a16dd797b1f7be81e10,Commercial horticulturist,http://lorempixel.com/200/200,f94287225bd69d10d35e7fcd06c68165,(778)755-7045x016,460,7,Perspiciatis dignissimos omnis rerum eaque provident. Eum a nobis nihil et sapiente quia omnis. Aut quia ipsam ut quo qui sed molestias rerum.,http://www.price.com/
#ee3300,willms.wilfred@hotmail.com,Wallace Pacocha,b495a42d0c3ade68c1fb5b188e8a1538,Social worker,http://lorempixel.com/200/200,ebe05e68361c3a16dd797b1f7be81e10,068.452.2856,964,0,In ex libero enim aut. Autem ab quia enim quibusdam. Praesentium blanditiis reprehenderit quis sint dolor eveniet iusto. Corrupti praesentium distinctio nihil iste. Iste dolore ea debitis rerum.,http://www.boehm.com/
#88aa00,yprice@yahoo.com,Pinkie Schneider,3262803ffe95e6930255ddee58e6561e,"Designer, furniture",http://lorempixel.com/200/200,f94287225bd69d10d35e7fcd06c68165,(853)728-3769x69608,188,1,Numquam error et aut aperiam quos velit numquam neque. Corporis exercitationem voluptas aut aliquid. Et molestiae fugit eos explicabo facilis nobis.,http://www.koch.com/
#ee1100,ocollins@rosenbaum.info,Kaeden Grady V,96efaaf27f1aa89904cc399668c41259,Chartered certified accountant,http://lorempixel.com/200/200,3262803ffe95e6930255ddee58e6561e,811.011.2128x150,439,0,Culpa ratione atque sed doloribus sit. Eligendi eos rerum voluptas iure laborum qui. Alias quia ullam magnam non et.,http://www.auer.com/
#44ff00,okuneva.antonia@gmail.com,Esley Smitham,c5bc2f55ec91fb7e36f8b36320c7ae0a,"Surveyor, insurance",http://lorempixel.com/200/200,25c2be132134fa27ecca6da9b392d25b,934.141.7008x99069,776,3,Quo sit dolor qui modi quia. Corrupti enim accusantium quia. In beatae fugit modi libero.,http://www.thompsonjones.org/
